Question Text,Question Type,Option 1,Option 2,Option 3,Option 4,Option 5,Correct Answer,Time in seconds,Image Link,Answer explanation
Đặc tính nào của điện toán đám mây cho phép tiết kiệm chi phí bằng cách phục vụ nhiều người dùng?,Multiple Choice,Truy cập mạng rộng (Broad network access),Tự phục vụ theo yêu cầu (On-demand self-service),Các mô hình public cloud,Gộp tài nguyên (Resource pooling), ,4,60,,
Tính năng mạng nào trong những năm 1950 đã giúp phát triển Máy ảo (Virtual Machines - VMs)?,Multiple Choice,"Bảo mật, tuân thủ và hiệu năng",Truy cập dùng chung vào một máy chủ mainframe,Truy cập mạng rộng,Dịch vụ được đo lường (Measured service), ,2,60,,
Một số lợi ích của điện toán đám mây là gì?,Multiple Choice,Khả năng hoạt động ngoại tuyến và bảo mật,Mua phần mềm đóng gói và các bản nâng cấp,"Lợi thế cạnh tranh, tính linh hoạt và hiệu quả",Sự đa dạng của việc tiêu chuẩn hóa,,3,60,,
Nhà cung cấp nào sau đây được biết đến nhiều hơn với các sản phẩm SaaS?,Multiple Choice,Intel,Amazon Web Services,Alibaba Cloud,Salesforce,,4,60,,
UBank đã tận dụng đám mây để loại bỏ các rào cản đối với sự đổi mới như thế nào?,Multiple Choice,Bằng cách áp dụng mô hình phát triển đám mây PaaS để hợp lý hóa quy trình phát triển và trao quyền cho các nhóm sản phẩm,Bằng cách hiện đại hóa các ứng dụng cho khách hàng từ mã nguồn nguyên khối (monolithic) sang kiến trúc microservices trên đám mây,Bằng cách thiết lập một nền tảng lưu trữ có khả năng mở rộng để phân phối với độ trễ thấp cho khách hàng doanh nghiệp trên toàn thế giới,Bằng cách di chuyển hệ thống giao dịch của họ từ hạ tầng tại chỗ sang giải pháp IBM Cloud cho VMware,,1,60,,
Đâu là một rủi ro mà doanh nghiệp phải đối mặt nếu không áp dụng đám mây?,Multiple Choice,Các vấn đề về tuân thủ,Thiếu tiêu chuẩn hóa,Bảo mật dữ liệu,Thiếu năng lực ra quyết định,,4,60,,
Kết nối Đám mây hỗ trợ các thiết bị IoT như thế nào?,Multiple Choice,Tăng độ trễ trong việc báo cáo và phản hồi,Điểm thu thập gần các thiết bị đang di chuyển,Cung cấp một vị trí vật lý cố định cho dữ liệu được thu thập từ các thiết bị IoT,Rút ra thông tin chi tiết từ dữ liệu được thu thập từ các thiết bị và người dùng IoT,,2,60,,
"Mối quan hệ cộng sinh ba bên giữa IoT, AI và Đám mây là gì?",Multiple Choice,"IoT cung cấp dữ liệu, AI cung cấp thông tin chuyên sâu, và cả hai công nghệ mới nổi này đều tận dụng khả năng mở rộng và sức mạnh xử lý của Đám mây",Hiểu được các luồng dữ liệu vô tận từ các thiết bị IoT,AI tiêu thụ dữ liệu do các thiết bị IoT tạo ra,"Sức mạnh, quy mô, tính năng động và tính kinh tế của tài nguyên đám mây",,1,60,,
"Mối quan hệ ba bên giữa blockchain, AI và Đám mây là gì?",Multiple Choice,Mang lại sự tin cậy và minh bạch cho AI bằng cách ghi lại dữ liệu và các biến số trong một quyết định được đưa ra trong thuật toán AI.,"Các tài nguyên máy tính được phân phối toàn cầu, có khả năng mở rộng và hiệu quả về chi phí.",Blockchain cung cấp một mạng lưới bất biến cho phép các thành viên chỉ xem những giao dịch liên quan đến họ.,"Blockchain cung cấp nguồn chân lý phi tập trung, đáng tin cậy; AI cung cấp sức mạnh phân tích và ra quyết định từ dữ liệu thu thập được; và Đám mây cung cấp tài nguyên máy tính phân tán toàn cầu, có khả năng mở rộng và hiệu quả về chi phí để hỗ trợ cả hai công nghệ.",,4,60,,
"Theo định nghĩa của Viện Tiêu chuẩn và Công nghệ Quốc gia Hoa Kỳ (NIST) về “điện toán đám mây”, ý nghĩa của câu “một hồ chứa chung các tài nguyên máy tính có thể cấu hình” là gì?",Multiple Choice,"Mạng, máy chủ, lưu trữ, ứng dụng và dịch vụ.","Năm đặc tính thiết yếu, ba mô hình triển khai và ba mô hình dịch vụ.",Tận dụng các dịch vụ đám mây qua internet mở trên phần cứng thuộc sở hữu của nhà cung cấp đám mây.,Bảo mật dữ liệu liên quan đến việc mất mát hoặc không có sẵn dữ liệu gây gián đoạn kinh doanh.,,1,60,,
Hypervisor (trình ảo hóa) thực hiện những tác vụ nào?,Multiple Choice,Mở rộng theo yêu cầu để hỗ trợ các khối lượng công việc biến động,Làm biến động khối lượng công việc và tạo điều kiện truy cập vào máy chủ mainframe,Cho phép nhiều hệ điều hành chạy song song và phân tách các máy ảo một cách logic,Tạo điều kiện truy cập vào máy chủ mainframe cho nhiều người dùng để truy cập cùng một lớp lưu trữ dữ liệu,,3,60,,
Những yếu tố chính nào thúc đẩy một tổ chức lựa chọn điện toán đám mây khi xem xét chi tiêu cho phần mềm đóng gói và đầu tư vào các bản nâng cấp?,Multiple Choice,Mức độ rủi ro,Tốc độ và năng suất,Phần mềm dưới dạng dịch vụ (SaaS) và các nền tảng phát triển,Hạ tầng và khối lượng công việc,,3,60,,
Phát biểu nào sau đây mô tả một lợi ích của điện toán đám mây?,Multiple Choice,Thiếu tiêu chuẩn hóa trong cách các công nghệ không ngừng phát triển tích hợp với nhau,Tính liên tục trong kinh doanh (Business continuity),Lỗi phần cứng không dẫn đến mất dữ liệu vì có các bản sao lưu được duy trì trên mạng,Bảo mật dữ liệu liên quan đến việc mất hoặc không có sẵn dữ liệu,,3,60,,
Nhà cung cấp dịch vụ nào cung cấp một trong những nền tảng quản lý dữ liệu dựa trên đám mây lớn nhất?,Multiple Choice,Salesforce,Alibaba Cloud,Amazon Web Services,Oracle Cloud,,4,60,,
"Nhà cung cấp dịch vụ nào sử dụng nền tảng đám mây của mình trong nội bộ cho các sản phẩm người dùng cuối, chẳng hạn như máy tìm kiếm và các công cụ ứng dụng tự động phân bổ và giải phóng tài nguyên để xử lý nhu cầu?",Multiple Choice,SAP,Oracle Cloud,Microsoft Azure,Google Cloud Platform (GCP),,4,60,,
"Theo International Data Corporation (IDC), khả năng quan trọng nào sẽ làm cho điện toán đám mây trở nên cần thiết để các doanh nghiệp thành công, duy trì và cạnh tranh trên thị trường ngày nay?",Multiple Choice,Hạ tầng đa đám mây (Multi-cloud),Quyết định dựa trên dữ liệu (Data-driven decisions),"Áp dụng các công nghệ cấp số nhân như AI, Tự động hóa, IoT và Blockchain",Quy trình làm việc được hỗ trợ bởi nhận thức (Cognitively enabled workflows),,2,60,,
Tại sao American Airlines yêu cầu một nền tảng công nghệ mới?,Multiple Choice,Thiết lập một nền tảng lưu trữ có khả năng mở rộng để phân phối với độ trễ thấp,Yêu cầu dịch vụ khách hàng tốt hơn,Tăng tốc độ tăng trưởng,Loại bỏ các rào cản đối với sự đổi mới,,2,60,,
Chọn câu trả lời mô tả đúng nhất cách Điện toán đám mây giúp các thiết bị IoT?,Multiple Choice,Cung cấp tài nguyên để lưu trữ và xử lý dữ liệu do các thiết bị và người dùng IoT tạo ra.,Rút ra thông tin chi tiết từ dữ liệu được thu thập từ các thiết bị và người dùng IoT,Lưu trữ dữ liệu trên một ổ đĩa vật lý được mã hóa,Cung cấp một vị trí vật lý cố định cho dữ liệu được thu thập từ các thiết bị IoT,,1,60,,
"Điều nào sau đây biểu thị mối quan hệ giữa Blockchain, AI và đám mây?",Multiple Choice,"Blockchain cung cấp một nguồn chân lý phi tập trung, AI cung cấp sức mạnh phân tích và ra quyết định, và đám mây cung cấp tài nguyên máy tính phân tán toàn cầu","Blockchain cung cấp tài nguyên máy tính phân tán, AI cung cấp sức mạnh phân tích, và đám mây ghi lại dữ liệu","Blockchain cung cấp một mạng lưới bất biến, AI cung cấp tài nguyên máy tính phân tán và đám mây cung cấp sức mạnh ra quyết định","Blockchain mang lại sự tin cậy và minh bạch cho AI bằng cách ghi lại dữ liệu và các biến số trong một quyết định được đưa ra trong thuật toán AI, và đám mây cung cấp một mạng lưới bất biến",,1,60,,
"Trong phép loại suy về xe hơi được sử dụng trong video để giải thích và phân biệt ba mô hình dịch vụ, lựa chọn nào được cung cấp là một phép loại suy cho PaaS?",Multiple Choice,Thuê taxi,Mua xe hơi,Thuê xe dài hạn (Leasing a car),Thuê xe ngắn hạn (Renting a car),,4,60,,
Đặc điểm của mô hình cơ sở hạ tầng đám mây dưới dạng dịch vụ (IaaS) là gì?,Multiple Choice,Dữ liệu chỉ có thể được lưu trữ trên các máy vật lý trong mạng,Không có dịch vụ hỗ trợ nào được cung cấp bởi IaaS,Người dùng có thể truy cập tài nguyên mạng trên đám mây thông qua ảo hóa,Người dùng cuối tương tác trực tiếp với cơ sở hạ tầng vật lý,,3,60,,
Những tình huống nào sau đây là trường hợp sử dụng tốt cho PaaS?,Multiple Choice,Triển khai IoT,Các tổ chức muốn quản lý các chi tiết cấp thấp của môi trường ứng dụng,Các tổ chức muốn việc bảo trì ứng dụng của họ được thực hiện bởi nhà cung cấp dịch vụ,"Các tổ chức muốn duy trì toàn quyền kiểm soát việc cài đặt, cấu hình và vận hành cơ sở hạ tầng ứng dụng của họ",,1,60,,
Điều nào sau đây là một trường hợp sử dụng tốt cho SaaS?,Multiple Choice,"Các tổ chức có lực lượng lao động phân tán về mặt địa lý, một số trong đó làm việc ở những khu vực có kết nối internet thất thường hoặc không đáng tin cậy",Các tổ chức muốn giảm cơ sở hạ tầng CNTT tại chỗ và chi tiêu vốn,Các ứng dụng quan trọng đối với doanh nghiệp,Các ứng dụng có dữ liệu rất bí mật và nhạy cảm,,2,60,,
Những tình huống nào sau đây là trường hợp sử dụng tốt cho Public Cloud? Chọn hai.,Checkbox,Giảm thời gian đưa sản phẩm và dịch vụ ra thị trường,Quản lý các nền tảng và ứng dụng quan trọng của doanh nghiệp,"Phục hồi sau thảm họa, bảo vệ dữ liệu và tính liên tục trong kinh doanh",Các ứng dụng có nhu cầu về năng lực và tài nguyên ổn định,,"1,3",60,,
Chúng ta có ý gì khi nói rằng Hybrid Cloud có khả năng tương tác (interoperable)?,Multiple Choice,"Khi có sự gia tăng đột biến về nhu cầu, một khối lượng công việc đang chạy trên đám mây riêng có thể tận dụng thêm dung lượng của đám mây công cộng",Bạn không còn bị ràng buộc với một nhà cung cấp cụ thể,"Các dịch vụ đám mây công cộng và riêng tư có thể hiểu API, cấu hình, định dạng dữ liệu và các hình thức xác thực và ủy quyền của nhau",Các tổ chức có thể chọn chạy các khối lượng công việc nhạy cảm của họ trên một đám mây riêng,,3,60,,
Lợi ích của việc sử dụng private cloud là gì?,Multiple Choice,Khả năng tận dụng tốt hơn các tài nguyên bên ngoài tổ chức,Khả năng cung cấp các tài nguyên hạn chế giúp tiết kiệm chi phí,Quyền truy cập chung cho tất cả mọi người với mức bảo mật tối thiểu,Tận dụng việc sử dụng các hệ thống do tổ chức trực tiếp kiểm soát,,4,60,,
"Trong mô hình dịch vụ đám mây nào, nhà cung cấp dịch vụ quản lý dữ liệu ứng dụng cùng với tài nguyên hạ tầng và nền tảng?",Multiple Choice,CaaS,PaaS,SaaS,IaaS,,3,60,,
"Trong môi trường đám mây IaaS nào, khách hàng có thể triển khai middleware và cài đặt ứng dụng?",Multiple Choice,Máy ảo (Virtual Machines),AI,Blockchain,IoT,,1,60,,
Một trong những mối quan tâm trong việc cấu hình và quản lý hạ tầng đám mây là gì?,Multiple Choice,Giải quyết các vấn đề phức tạp liên quan đến hàng triệu biến số và phép tính,Tính liên tục trong kinh doanh và phục hồi sau thảm họa,Mở rộng hoặc thu hẹp hạ tầng khi nhu cầu thay đổi,Phụ thuộc vào bên thứ ba về tính sẵn sàng và hiệu suất của khối lượng công việc,,4,60,,
Trách nhiệm của người dùng trong mô hình PaaS là gì?,Multiple Choice,Quản lý khối lượng công việc,Hệ thống quản lý quy trình kinh doanh,Hệ thống quản lý cơ sở dữ liệu,Mã ứng dụng và việc bảo trì nó,,4,60,,
Khả năng nào trong mô hình PaaS loại bỏ nhu cầu tích hợp các thành phần riêng lẻ?,Multiple Choice,Cơ chế triển khai nhanh,Môi trường thời gian chạy (Runtime environment),Dịch vụ phân tích kinh doanh,API cho các dịch vụ,,4,60,,
Đặc điểm của mô hình SaaS là gì?,Multiple Choice,Các dịch vụ miễn phí cho người dùng trên đám mây SaaS,Người dùng chỉ có thể thấy ứng dụng của riêng họ,Các ứng dụng nằm trên một mạng đám mây từ xa,Hạ tầng và mã nguồn được người dùng bảo trì,,3,60,,
Vai trò của người dùng trong public cloud là gì?,Multiple Choice,Người dùng bảo trì nền tảng chạy ứng dụng của họ,Người dùng không sở hữu các máy chủ mà ứng dụng của họ chạy trên đó,Người dùng có thể quản lý hoạt động của các máy chủ,Người dùng sở hữu không gian lưu trữ mà dữ liệu của họ tiêu thụ,,2,60,,
Một tính năng của private cloud là gì?,Multiple Choice,Tính di động của ứng dụng (Application portability),Sử dụng tài nguyên máy tính bên ngoài,Bảo mật hạn chế,Truy cập không kiểm soát,,1,60,,
"Nếu một tổ chức cần chạy một ứng dụng có độ nhạy cảm cao và quan trọng với yêu cầu về hiệu suất và dung lượng không thể đoán trước, mô hình nào sau đây sẽ đáp ứng tốt nhất yêu cầu của họ?",Multiple Choice,Private Cloud,Hybrid Cloud,Public Cloud,Trung tâm dữ liệu tại chỗ (On-premise),,2,60,,
Bạn hiểu “cloud bursting” là gì?,Multiple Choice,Bạn có thể hiện đại hóa dần các hệ thống kinh doanh cốt lõi của mình,Bạn có thể khởi tạo môi trường bằng cách sử dụng mô hình trả tiền theo mức sử dụng (pay-as-you-go) trong public cloud,Bạn có thể di chuyển ứng dụng và dữ liệu giữa các hệ thống tại chỗ và đám mây,Bạn có thể tận dụng các instance của public cloud trong một khoảng thời gian nhưng quay trở lại private cloud khi nhu cầu tăng đột biến được đáp ứng,,4,60,,
Đâu là một khu vực địa lý hoặc địa điểm nơi cơ sở hạ tầng của một nhà cung cấp Đám mây được tập trung?,Multiple Choice,Mạng (Networking),Trung tâm dữ liệu (Data center),Kho hàng (Warehouse),Vùng (Region),,4,60,,
Máy ảo (VM) nào sau đây sử dụng trình ảo hóa được lưu trữ (hosted hypervisors)?,Multiple Choice,Microsoft Hyper-V,Open-source KVM,VMware ESX,Oracle VirtualBox,,4,60,,
Loại Máy ảo (VM) nào tận dụng dung lượng không sử dụng trong các trung tâm dữ liệu với chi phí thấp hơn nhiều so với các máy ảo thông thường có kích thước tương tự?,Multiple Choice,Máy ảo chia sẻ hoặc Public Cloud (Shared or Public Cloud VMs),Máy ảo tạm thời hoặc Spot (Transient or Spot VMs),Máy chủ ảo đặt trước (Reserved virtual servers),Máy chủ chuyên dụng (Dedicated hosts),,2,60,,
Tại sao máy chủ vật lý (bare metal servers) cần nhiều thời gian để cấp phát hơn máy chủ ảo?,Multiple Choice,"Chúng là máy chủ đa người thuê (multi-tenant), và tất cả người thuê phải giúp cấu hình chúng",Khách hàng cấu hình các máy chủ vật lý,Việc cấu hình GPU mất thời gian,Chúng là các máy chủ vật lý có thể được tùy chỉnh theo một dung lượng cụ thể,,4,60,,
Phần nào của một mạng đám mây được phân đoạn logic là khu vực chính nơi bảo mật được triển khai?,Multiple Choice,Mạng con (Subnets),Các thực thể logic của các yếu tố mạng,Không gian mạng,Bộ cân bằng tải (Load balancers),,1,60,,
Container là gì?,Multiple Choice,"Một đơn vị phần mềm có thể thực thi trong đó mã ứng dụng được đóng gói cùng với các thư viện và phần phụ thuộc của nó, cho phép nó chạy ở bất kỳ đâu","Một loại máy ảo do nhà cung cấp quản lý, đa người thuê và có thể được cấp phát theo yêu cầu với các kích thước được xác định trước",Một máy chủ vật lý dành riêng cho một khách hàng duy nhất,Một phần mềm lấy tài nguyên từ máy chủ vật lý và phân bổ chúng cho môi trường ảo của bạn,,1,60,,
"Loại lưu trữ nào đôi khi được gọi là ""Lưu trữ cục bộ"" (Local Storage)?",Multiple Choice,Lưu trữ đối tượng (Object Storage),Lưu trữ khối (Block Storage),Lưu trữ tệp (File Storage),Lưu trữ đính kèm trực tiếp (Direct Attached),,4,60,,
Tên gọi khác của Lưu trữ tệp (File Storage) là gì?,Multiple Choice,Ethernet,Lưu trữ đính kèm trực tiếp (Direct attached storage),NFS,COS,,3,60,,
Điều nào sau đây đúng với lưu trữ khối (block storage)?,Multiple Choice,Có thể được gắn vào nhiều nút tính toán cùng một lúc,Được gắn vào các nút tính toán bằng mạng ethernet,Được sử dụng ở những nơi khối lượng công việc không yêu cầu kết nối cực nhanh đến bộ nhớ,Chỉ có thể được gắn vào một nút tại một thời điểm,,4,60,,
Điều nào sau đây đúng với Lưu trữ đối tượng (Object storage)?,Multiple Choice,Bạn không thể chạy hệ điều hành hoặc cơ sở dữ liệu trên đó,Không thể được sử dụng để lưu trữ tệp,Được sử dụng ở những nơi cần tốc độ đọc và ghi nhanh,Có thể lưu trữ các ứng dụng mà nội dung của tệp thay đổi,,1,60,,
Mạng phân phối nội dung (CDN) là gì?,Multiple Choice,Một nút mạng (network node),Một cấu trúc liên kết mạng (network topology),Một liên kết mạng (network link),Một mạng máy chủ phân tán (distributed server network),,4,60,,
Mỗi Vùng (Region) trên Đám mây có thể có nhiều Vùng sẵn sàng (Availability Zones). Zones là gì?,Multiple Choice,Các vị trí vật lý duy nhất với một hoặc nhiều trung tâm dữ liệu,Các container tài nguyên máy tính được tiêu chuẩn hóa,Điểm lỗi đơn lẻ được chia sẻ (Single shared point of failure),Khu vực địa lý nơi cơ sở hạ tầng của nhà cung cấp đám mây được tập trung,,1,60,,
Điều nào sau đây là lợi ích của ảo hóa?,Multiple Choice,Tăng thời gian chết của bạn,An toàn,Tiết kiệm chi phí,Chạy một hệ điều hành duy nhất,,3,60,,
Loại Máy ảo (VM) nào sau đây đảm bảo tài nguyên cho các lần triển khai trong tương lai?,Multiple Choice,Máy ảo tạm thời hoặc Spot (Transient or Spot VMs),Máy ảo chia sẻ hoặc Public Cloud (Shared or Public Cloud VMs),Máy chủ chuyên dụng (Dedicated hosts),Máy chủ ảo đặt trước (Reserved virtual servers),,4,60,,
Điều nào sau đây là một tính năng của máy chủ vật lý (bare metal servers)?,Multiple Choice,Được cấp phát nhanh chóng,Chi phí sử dụng thấp,Nhiều người thuê (Multiple tenants),Hiệu suất cao và an toàn,,4,60,,
Subnet là khu vực chính nơi bảo mật được triển khai trong đám mây. Điều nào sau đây được sử dụng để cung cấp bảo mật ở cấp máy ảo (virtual instance) trong các subnet?,Multiple Choice,Cổng công cộng (Public Gateways),Đám mây riêng ảo (Virtual Private Cloud - VPC),Bộ cân bằng tải (Load Balancers),Nhóm bảo mật (Security Groups - SGs),,4,60,,
Điều nào sau đây là lợi ích của việc cô lập các ứng dụng trong container?,Multiple Choice,Được đóng gói lại thành các container hoặc các microservice được container hóa,Ngăn chặn mã độc trong một container ảnh hưởng đến các container khác,Trừu tượng hóa khỏi hệ điều hành máy chủ,Công cụ thời gian chạy mã nguồn mở (Open-sourced runtime engine),,2,60,,
Loại lưu trữ nào sau đây là tạm thời hoặc không bền vững (ephemeral or non-persistent)?,Multiple Choice,Lưu trữ tệp (File storage),Lưu trữ đính kèm trực tiếp (Direct Attached storage),Lưu trữ đối tượng (Object storage),Lưu trữ khối (Block storage),,2,60,,
Điều gì làm cho Lưu trữ tệp (File storage) trở thành một giải pháp lý tưởng cho các tình huống yêu cầu lưu trữ dùng chung?,Multiple Choice,Lưu trữ tệp được gắn vào các nút tính toán thông qua mạng ethernet,Lưu trữ tệp có thể được gắn từ các thiết bị lưu trữ từ xa,Khả năng truy cập nhanh của lưu trữ tệp qua mạng,Lưu trữ tệp có thể được gắn trên nhiều nút tính toán cùng một lúc,,4,60,,
Tình huống nào sau đây phù hợp nhất với Lưu trữ khối (Block Storage)?,Multiple Choice,Các khối lượng công việc cần chia sẻ đĩa giữa các nút tính toán,Chi phí thấp là một yếu tố cần cân nhắc,Nơi các khối lượng công việc không yêu cầu kết nối nhanh đến bộ nhớ,"Các ứng dụng cần truy cập nhanh và nhất quán vào đĩa, chẳng hạn như cơ sở dữ liệu",,4,60,,
Điều nào sau đây là một tính năng của Lưu trữ đối tượng (Object storage)?,Multiple Choice,Lưu trữ đối tượng có thể được gắn trên nhiều nút tính toán thông qua mạng ethernet,Được sử dụng ở những nơi cần tốc độ đọc và ghi nhanh,Bạn có thể sử dụng trực tiếp Lưu trữ đối tượng mà không cần gắn nó vào một nút tính toán,Bộ nhớ được gắn vào các nút tính toán bằng mạng cáp quang,,3,60,,
Điện toán phi máy chủ (serverless computing) là gì?,Multiple Choice,Một phương pháp tính toán loại bỏ máy chủ khỏi môi trường máy tính.,Một phương pháp tính toán làm tăng trách nhiệm đối với các tác vụ quản lý cơ sở hạ tầng chung.,Một phương pháp tính toán loại bỏ máy chủ khỏi môi trường máy tính và tăng trách nhiệm đối với các tác vụ quản lý cơ sở hạ tầng chung.,Một phương pháp tính toán giảm tải trách nhiệm đối với các tác vụ quản lý cơ sở hạ tầng chung.,,4,60,,
Phương pháp kiến trúc microservices là gì?,Multiple Choice,"Một phương pháp trong đó một ứng dụng duy nhất bao gồm nhiều thành phần hoặc dịch vụ nhỏ hơn, liên kết lỏng lẻo và có thể triển khai độc lập",Một phương pháp trong đó một ứng dụng duy nhất kiểm soát một máy chủ cho một doanh nghiệp.,Một phương pháp trong đó một ứng dụng duy nhất giám sát mạng bảo mật của doanh nghiệp,Một phương pháp trong đó tất cả dữ liệu doanh nghiệp được lưu trữ trong một kho lưu trữ duy nhất,,1,60,,
Danh sách nào sau đây liệt kê tất cả ba phương thức giao tiếp của microservices?,Multiple Choice,"API, luồng sự kiện (event streaming) và trình môi giới tài nguyên (resource brokers)","Luồng sự kiện, trình môi giới thông điệp (message brokers) và mã hóa đám mây","API, giám sát đám mây và trình môi giới thông điệp","API, luồng sự kiện và trình môi giới thông điệp",,4,60,,
Lựa chọn nào sau đây chứa hai môi trường mà một môi trường hybrid cloud kết nối?,Multiple Choice,Đám mây công cộng và đám mây tài nguyên,Đám mây công cộng và đám mây riêng,Đám mây riêng và đám mây tài nguyên,Đám mây riêng và đám mây bảo mật,,2,60,,
Lựa chọn nào sau đây mô tả một chiến lược đa đám mây (multi-cloud)?,Multiple Choice,Chiến lược đám mây hạ tầng,Chiến lược đám mây doanh nghiệp,Chiến lược áp dụng đám mây (Cloud adoption strategy),Chiến lược đám mây chuyên dụng,,3,60,,
Điều nào sau đây là một nguyên tắc phát triển cho các ứng dụng cloud-native?,Multiple Choice,Kết hợp các ứng dụng để tạo ra các microservice với nhiều chức năng,Liên kết chặt chẽ các chức năng khác nhau của ứng dụng để chúng có thể hoạt động cùng nhau như một tổng thể,"Container hóa các microservice để có sự linh hoạt, khả năng mở rộng và tính di động tối đa",Gộp các thành phần chức năng đơn lẻ khác nhau của một ứng dụng thành một phần mềm khổng lồ,,3,60,,
Phát biểu nào sau đây mô tả phương pháp và quy trình DevOps?,Multiple Choice,Loại bỏ nhu cầu giám sát hiệu suất và tính sẵn sàng,"Loại bỏ nhu cầu cấp phát máy chủ, xây dựng middleware và cài đặt mã ứng dụng","Cho phép các nhóm tự do xây dựng, triển khai và quản lý các ứng dụng cloud-native theo một bộ hướng dẫn không chính thức, được định nghĩa lỏng lẻo","Một phương pháp hợp tác trong đó chủ sở hữu doanh nghiệp và các nhóm phát triển, vận hành và đảm bảo chất lượng hợp tác để cung cấp phần mềm liên tục",,4,60,,
Lựa chọn nào được cung cấp gói gọn hành trình hiện đại hóa ứng dụng hoàn chỉnh?,Multiple Choice,"Hành trình từ kiến trúc nguyên khối (monolithic) và hướng dịch vụ (service-oriented) đến kiến trúc microservices, từ máy chủ vật lý và máy ảo đến hạ tầng đám mây, và từ phương pháp thác nước (waterfall) và linh hoạt (agile) đến DevOps",Hành trình từ kiến trúc nguyên khối và hướng dịch vụ đến kiến trúc microservices,Hành trình từ máy chủ vật lý và máy ảo đến hạ tầng đám mây,Hành trình từ các phương pháp phát triển thác nước và linh hoạt đến DevOps,,1,60,,
Điều nào sau đây mô tả một nguyên tắc hoặc hành động phát triển cho các ứng dụng cloud native?,Multiple Choice,Gộp các thành phần chức năng đơn lẻ khác nhau của một ứng dụng thành một phần mềm khổng lồ.,Liên kết chặt chẽ các chức năng khác nhau của ứng dụng để chúng có thể hoạt động cùng nhau như một tổng thể.,"Container hóa các microservice để có sự linh hoạt, khả năng mở rộng và tính di động tối đa.",Kết hợp các ứng dụng để tạo ra các microservice với nhiều chức năng.,,3,60,,
Một công ty giao hoa toàn cầu sẽ tận dụng kiến trúc Hybrid Multicloud như thế nào để đáp ứng yêu cầu về nhu cầu dung lượng thay đổi ở các khu vực địa lý khác nhau?,Multiple Choice,Bằng cách phân phối ứng dụng dịch vụ giao hàng của họ trên nhiều môi trường và nhà cung cấp đám mây trải rộng trên nhiều khu vực địa lý.,Bằng cách sử dụng việc cấp phát và giải phóng tài nguyên tự động mà đám mây cung cấp.,Bằng cách mở rộng quy mô kiến trúc tại chỗ của họ,,,1,60,,
Tình huống nào sau đây KHÔNG phải là một trường hợp sử dụng tốt cho kiến trúc serverless?,Multiple Choice,Các khối lượng công việc xử lý luồng (Stream processing),Hỗ trợ kiến trúc microservices,Các microservice có thể được xây dựng dưới dạng các hàm không trạng thái (stateless functions),Các khối lượng công việc được đặc trưng bởi các quy trình chạy trong thời gian dài (long-running processes),,4,60,,
Cách tiếp cận kiến trúc microservices có thể được mô tả như thế nào?,Multiple Choice,Ảnh hưởng đến toàn bộ ứng dụng khi một microservice ngừng hoạt động.,Yêu cầu xây dựng mọi chức năng mới trong một microservice từ đầu.,Phân rã các ứng dụng lớn thành các chức năng cốt lõi để xây dựng một ứng dụng toàn diện và đầy đủ chức năng.,Bắt buộc phải đóng gói tất cả các microservice cho một tác vụ cụ thể vào một container duy nhất.,,3,60,,
"Điền vào chỗ trống. Kiến trúc microservices là một phương pháp trong đó một ______________ bao gồm nhiều thành phần hoặc dịch vụ nhỏ hơn, liên kết lỏng lẻo và có thể triển khai độc lập.",Multiple Choice,Dịch vụ đám mây,Ứng dụng duy nhất (Single application),Ứng dụng kho lưu trữ (Repository application),Máy chủ (Server),,2,60,,
Một ứng dụng cloud native bao gồm những gì?,Multiple Choice,Các container có thể thực thi (Executable containers),Các tệp có thể thực thi (Executable files),Các microservice,Các container ứng dụng (Application containers),,3,60,,
DevOps và Đám mây chia sẻ một mối quan hệ _________.,Multiple Choice,Nhà cung cấp (Vendor),Cộng sinh (Symbiotic),Đối tác chung (General partnership),Khách hàng (Customer),,2,60,,
Ba lĩnh vực chính mà giám sát đám mây đánh giá là gì?,Multiple Choice,"Hạ tầng, tài nguyên và framework.","Ứng dụng, dữ liệu và framework.","Dữ liệu, ứng dụng và hạ tầng.","Dữ liệu, tài nguyên và hạ tầng.",,3,60,,
Mã hóa dữ liệu làm gì?,Multiple Choice,Làm xáo trộn dữ liệu theo cách làm cho dữ liệu không thể đọc được.,Lưu dữ liệu lên đám mây và có thể truy cập được bởi bất kỳ người dùng được chia sẻ nào.,Lưu trữ dữ liệu trên đám mây nơi nó có thể được truy cập ngay cả khi không có khóa.,Giữ cho dữ liệu nhạy cảm được bảo vệ bằng mật khẩu.,,1,60,,
Mục đích của dịch vụ thư mục đám mây (cloud directory services) là gì?,Multiple Choice,Mã hóa tài khoản người dùng.,Lưu trữ an toàn dữ liệu người dùng trong một kho lưu trữ.,Quản lý an toàn hồ sơ người dùng và thông tin xác thực của họ.,Phục vụ như một trung tâm dữ liệu cho các tệp và thư mục.,,3,60,,
Một cuộc tấn công từ chối dịch vụ phân tán (DDoS) làm gì?,Multiple Choice,Một cuộc tấn công DDoS nhắm vào các hệ thống doanh nghiệp bằng cách cài đặt một virus worm.,Một cuộc tấn công DDoS nhắm vào máy chủ trong doanh nghiệp bằng cách làm quá tải nó với lưu lượng truy cập từ nhiều hệ thống được đồng bộ hóa.,Một cuộc tấn công DDoS ngắt kết nối người dùng khỏi internet.,Một cuộc tấn công DDoS cài đặt phần mềm độc hại vào máy tính của người dùng.,,2,60,,
Yếu tố nào khác của bảo mật đám mây?,Multiple Choice,Truyền phát trên đám mây (Cloud streaming).,Bảo mật mạng đám mây (Cloud network security).,Truy cập đám mây ngoại tuyến (Offline cloud access).,Bảo mật thiết bị (Device security).,,2,60,,
Điện toán đám mây là một phần quan trọng trong chiến lược chuyển đổi số của một doanh nghiệp. Đúng hay sai.,Multiple Choice,Đúng,Sai,,,,1,60,,
Một số phương pháp hay nhất mà các tổ chức cần tuân theo để bảo vệ tài nguyên và hệ thống đám mây của họ là gì? Chọn hai.,Checkbox,Chạy các công cụ giám sát bảo mật định kỳ để đảm bảo các mối đe dọa và vi phạm bảo mật được gắn cờ,Giám sát tích cực về bảo mật và tuân thủ,Áp dụng mô hình trách nhiệm chung (shared responsibility model),"Phân phối các tác vụ, khối lượng công việc và lưu lượng mạng",,"2,3",60,,
Các thành phần chính của Quản lý Danh tính và Truy cập (IAM) là gì? Chọn hai.,Checkbox,Nhúng bảo mật trong suốt vòng đời của một ứng dụng,"Bảo vệ dữ liệu khi nó ở trạng thái nghỉ (at rest), đang chuyển động (in motion) và đang sử dụng (in use)",Kiểm toán và Tuân thủ (Audit and Compliance),Dịch vụ Thư mục Đám mây (Cloud Directory Services),,"3,4",60,,
"Phát biểu nào sau đây là đúng về mã hóa đám mây? A. Mã hóa đảm bảo chỉ những người dùng được ủy quyền mới có quyền truy cập vào dữ liệu nhạy cảm. B. Khi dữ liệu được mã hóa bị chặn mà không có sự cho phép, nó không thể đọc được và vô nghĩa? C. Mã hóa bảo vệ dữ liệu khi nó ở trạng thái nghỉ, đang truyền và đang được sử dụng trong bộ nhớ. D. Mã hóa loại bỏ rủi ro bảo mật dữ liệu",Multiple Choice,"Chỉ A, B và D","Chỉ A, B và C",Chỉ A và C,"A, B, C và D",,2,60,,
Xác định một số phương pháp hay nhất về giám sát đám mây tiêu chuẩn từ các tùy chọn được cung cấp. Chọn hai,Checkbox,Tận dụng các giải pháp giám sát trải nghiệm người dùng cuối để nắm bắt hiệu suất của một ứng dụng từ góc độ của người dùng cuối.,Theo dõi việc sử dụng và chi phí của các tài nguyên và dịch vụ đám mây của bạn.,Mã hóa dữ liệu trước khi nó được gửi lên đám mây.,Xác thực người dùng đang cố gắng truy cập tài nguyên đám mây của họ.,,"1,2",60,,
Điền vào chỗ trống. _____________ là một phần quan trọng trong chiến lược chuyển đổi số của một doanh nghiệp.,Multiple Choice,Cơ sở dữ liệu,Mã hóa,Điện toán đám mây,Thiết bị lưu trữ cục bộ,,3,60,,
Đâu là một số phương pháp hay nhất mà các tổ chức phải tuân theo để bảo vệ tài nguyên và hệ thống đám mây của họ?,Multiple Choice,Chạy các công cụ giám sát bảo mật định kỳ để đảm bảo các mối đe dọa và vi phạm bảo mật được gắn cờ,"Phân phối các tác vụ, khối lượng công việc và phần mềm giám sát",Áp dụng mô hình trách nhiệm chung về giám sát tích cực cho bảo mật và tuân thủ,"Phân phối các tác vụ, khối lượng công việc và lưu lượng mạng",,3,60,,
Các thành phần chính của Quản lý Danh tính và Truy cập (IAM) là gì?,Multiple Choice,"Bảo vệ dữ liệu khi nó ở trạng thái nghỉ, đang chuyển động và đang sử dụng","Dịch vụ Thư mục Đám mây, Kiểm toán và Tuân thủ",Nhúng bảo mật trong suốt vòng đời của một ứng dụng,Các phương pháp bảo mật mã hóa,,2,60,,
Xác định một số phương pháp hay nhất về giám sát đám mây tiêu chuẩn từ các tùy chọn được cung cấp.,Multiple Choice,Mã hóa dữ liệu trước khi nó được gửi lên đám mây.,Mã hóa dữ liệu trên một thiết bị lưu trữ vật lý.,Xác thực người dùng đang cố gắng truy cập tài nguyên đám mây của họ.,Tận dụng các giải pháp giám sát trải nghiệm người dùng cuối để nắm bắt hiệu suất của một ứng dụng từ góc độ của người dùng cuối và theo dõi việc sử dụng và chi phí của các tài nguyên và dịch vụ đám mây của bạn.,,4,60,,
"Một số công cụ giám sát giúp bạn có được thông tin chi tiết về tình hình, sự tuân thủ và các mối đe dọa của mình là gì?",Multiple Choice,Hypervisors,Nhật ký luồng (Flow logs) từ mạng và các sự kiện bảo mật,Nhật ký luồng và hypervisors,Mã hóa dữ liệu,,2,60,,
Một số lợi ích của việc sử dụng các nhóm truy cập (access groups) là gì?,Multiple Choice,Nhóm truy cập giúp tăng số lượng chính sách của một tài khoản.,"Nhóm truy cập xác định người dùng, tài nguyên được cấp quyền truy cập và cấp độ quyền mà mỗi người dùng có trên các tài nguyên này.",Nhóm truy cập tạo ra một cấp độ xác thực bổ sung cho người dùng ứng dụng.,Việc sử dụng các nhóm truy cập giúp giảm số lượng chính sách trong một tài khoản. Các nhóm truy cập cung cấp một cách hợp lý hơn để gán quyền truy cập.,,4,60,,
Xác định hai phần chính của một hệ thống mã hóa từ các tùy chọn được cung cấp.,Multiple Choice,Mã hóa phía máy chủ (Server-side encryption),Thuật toán mã hóa và khóa giải mã,Mã hóa phía máy khách (Client-side encryption),Thiết bị mã hóa vật lý,,2,60,,
Một số lợi ích mà các giải pháp giám sát đám mây mang lại là gì?,Multiple Choice,Tăng tốc chẩn đoán và giải quyết các sự cố về hiệu suất và cung cấp thông báo chủ động về các tình huống bất thường hoặc không bình thường.,Khắc phục sự cố ứng dụng và hạ tầng,Tăng cường bảo mật cho tài khoản người dùng,Ngăn chặn người dùng không được phép truy cập vào hệ thống,,1,60,,
"The Weather Company đã di chuyển tài sản web thời tiết của mình sang một kiến trúc an toàn, có khả năng mở rộng và toàn cầu trên IBM Cloud. Họ đã nhận được những lợi ích gì từ việc di chuyển này?",Multiple Choice,Tăng tính sẵn sàng của tài sản và hiệu quả tổng thể của thiết bị,Phát triển và phát hành nhanh hơn các ứng dụng mới và các công cụ tự phục vụ kỹ thuật số cho khách hàng,Tăng cường phát triển và tăng độ trễ,Khai thác các trung tâm dữ liệu địa phương để giảm thiểu độ trễ cho người dùng và tối ưu hóa hệ thống của họ để có tính đàn hồi trong việc xử lý các đợt tăng đột biến về nhu cầu,,4,60,,
"Thành phần nào của IBM Cloud đã giúp bạn làm cho dịch vụ Đặt hàng DineEase có khả năng mở rộng? Chọn thành phần giám sát các yêu cầu đến, tăng giảm các instance ứng dụng để đáp ứng nhu cầu và là một nền tảng serverless được quản lý hoàn toàn.",Multiple Choice,Turbonomic,API Connect,IBM Watson Assistant,IBM Cloud Code Engine,,4,60,,
Mô hình triển khai nào phù hợp với yêu cầu độ trễ thấp và tính sẵn sàng cao cho các dịch vụ DineEase?,Multiple Choice,IBM Edge Application Manager,Single campus Multizone Regions,Multizone Regions (MZR),Hybrid Cloud HPC,,3,60,,
"Việc xử lý thanh toán cho DineEase đòi hỏi tính toán nhiều, cần một môi trường an toàn và phải xử lý nhanh một lượng lớn dữ liệu. Bạn đã chọn dịch vụ IBM Cloud nào cho những khả năng này?",Multiple Choice,IBM Cloud Bare Metal Servers,IBM Cloud Functions,IBM Cloud for VMware Solutions,IBM WebSphere Application Server,,1,60,,
"Các dịch vụ Tìm kiếm, Menu và Định giá cho DineEase cần sự linh hoạt để sử dụng các ngăn xếp công nghệ (technology stacks) khác nhau cho mỗi dịch vụ. Bạn đã chọn dịch vụ IBM Cloud nào để giải quyết vấn đề này?",Multiple Choice,IBM Cloud Kubernetes Service,IBM Cloud Bare Metal Servers,Container Security Services,IBM WebSphere Application Server,,1,60,,
"Bạn cần tìm một dịch vụ có thể tương tác với các dịch vụ API của DineEase và thế giới bên ngoài, loại bỏ các phụ thuộc cứng nhắc và thêm một lớp giao tiếp. Bạn đã chọn dịch vụ IBM Cloud nào để giải quyết vấn đề này?",Multiple Choice,IBM API Connect,Event Streams,IBM App Connect,IBM Lift,,1,60,,
DineEase cần tối ưu hóa việc đọc để người tiêu dùng có thể xem các bài đánh giá và xếp hạng nhà hàng. Bạn đã chọn dịch vụ IBM Cloud nào để giải quyết vấn đề này?,Multiple Choice,IBM Db2 Warehouse on Cloud,IBM Db2 on Cloud,IBM Cloud Databases for MySQL,IBM Cloudant,,4,60,,
"DineEase cần tìm một cơ sở dữ liệu quan hệ IBM được quản lý hoàn toàn, triển khai theo khu vực và cung cấp khả năng phục hồi sau thảm họa có tính sẵn sàng cao (HADR). Bạn đã chọn dịch vụ IBM Cloud nào để giải quyết vấn đề này?",Multiple Choice,IBM Db2 on Cloud,IBM Cloudant,IBM Cloud Databases for MongoDB,IBM Cloud Object Storage,,1,60,,
"DineEase lưu trữ rất nhiều ảnh đồ ăn, logo nhà hàng và các phương tiện phụ khác. Tìm dịch vụ phân phối nội dung của họ ở các nút địa lý đa dạng và rút ngắn khoảng cách mà hình ảnh phương tiện cần di chuyển để đến thiết bị của người tiêu dùng. Bạn đã chọn dịch vụ IBM Cloud nào để giải quyết vấn đề này?",Multiple Choice,IBM Cloud Pak for Data,Content Delivery Network (CDN),IBM Cloud Backup,IBM Cloud Databases for MongoDB,,2,60,,
Ứng dụng mới cần một dịch vụ để cân bằng lưu lượng truy cập giữa các máy chủ của nó để giúp cải thiện thời gian hoạt động. Bạn đã chọn dịch vụ IBM Cloud nào?,Multiple Choice,IBM Cloud Load Balancer for VPC or Classic,IBM Cloud Code Engine,IBM Cloud Activity Tracker,IBM Cloud Direct Link,,1,60,,
Bạn cần tìm một dịch vụ mà bạn có thể sử dụng để giám sát hiệu suất và tình trạng hoạt động của DineEase. Bạn đã chọn dịch vụ IBM Cloud nào?,Multiple Choice,IBM Cloud Pak for AIOps,IBM Log Analysis,IBM Cloud Monitoring,IBM Cloud Activity Tracker,,3,60,,
Bốn yếu tố chính mà một kiến trúc sư giải pháp nên xem xét khi họ phải chọn một Vùng (Region) là gì?,Multiple Choice,"Độ trễ, giá cả, tính sẵn có của dịch vụ và tuân thủ","Độ trễ, tính sẵn sàng cao, thuế và tuân thủ","Độ trễ, thuế, tốc độ và tuân thủ","Độ trễ, bảo mật, tính sẵn sàng cao và khả năng phục hồi",,1,60,,
Đúng hay Sai: Mọi hành động mà người dùng thực hiện trong AWS đều là một lệnh gọi API.,Multiple Choice,Đúng,Sai,,,,1,60,,
"Phát biểu nào mô tả ĐÚNG NHẤT mối quan hệ giữa các Vùng (Regions), Vùng sẵn sàng (Availability Zones) và các trung tâm dữ liệu?",Multiple Choice,Vùng sẵn sàng là các cụm Vùng. Vùng là các cụm trung tâm dữ liệu.,Trung tâm dữ liệu là cụm của các Vùng sẵn sàng. Vùng là các cụm của các Vùng sẵn sàng.,Vùng là các cụm của các Vùng sẵn sàng. Vùng sẵn sàng là các cụm của các trung tâm dữ liệu.,Trung tâm dữ liệu là các cụm Vùng. Vùng là các cụm của các Vùng sẵn sàng.,,3,60,,
Điều nào sau đây là một lợi ích của điện toán đám mây?,Multiple Choice,Chạy và bảo trì các trung tâm dữ liệu của riêng bạn.,Tăng thời gian đưa ra thị trường.,Cung cấp quá mức để mở rộng quy mô.,Vươn ra toàn cầu trong vài phút.,,4,60,,
Một công ty muốn quản lý các dịch vụ AWS bằng cách sử dụng dòng lệnh và tự động hóa chúng bằng các tập lệnh. Công ty nên sử dụng gì để đạt được mục tiêu này?,Multiple Choice,AWS Management Console,Giao diện dòng lệnh AWS (AWS CLI),Các bộ công cụ phát triển phần mềm AWS (AWS SDKs),AWS Management Console và AWS SDKs,,2,60,,
Phương pháp hay nhất khi bảo mật người dùng gốc (root user) của tài khoản AWS là gì?,Multiple Choice,Kích hoạt quyền truy cập AWS Identity and Access Management (IAM) vào bảng điều khiển Thanh toán và Quản lý chi phí,Sử dụng người dùng gốc cho các tác vụ quản trị thông thường,Thay đổi cài đặt tài khoản,Bật xác thực đa yếu tố (MFA),,4,60,,
"Một kiến trúc sư giải pháp đang tư vấn cho một công ty. Khi người dùng trong công ty xác thực vào mạng công ty, họ muốn có thể sử dụng AWS mà không cần phải đăng nhập lại. Kiến trúc sư giải pháp nên đề xuất danh tính AWS nào cho trường hợp sử dụng này?",Multiple Choice,Người dùng gốc của tài khoản AWS,Người dùng AWS Identity and Access Management (IAM),Vai trò IAM (IAM Role),Nhóm IAM (IAM Group),,3,60,,
Điều nào sau đây có thể được tìm thấy trong một chính sách AWS Identity and Access Management (IAM)?,Multiple Choice,Effect (Hiệu lực),Action (Hành động),Object (Đối tượng),A và B,B và C,4,60,,
Đúng hay Sai: Các chính sách AWS Identity and Access Management (IAM) có thể hạn chế các hành động của người dùng gốc của tài khoản AWS.,Multiple Choice,Đúng,Sai,,,,2,60,,
"Theo mô hình trách nhiệm chung của AWS, điều nào sau đây là trách nhiệm của AWS?",Multiple Choice,"Kiểm soát hệ điều hành và nền tảng ứng dụng, cũng như mã hóa, bảo vệ và quản lý dữ liệu của khách hàng.","Quản lý dữ liệu của khách hàng, mã hóa dữ liệu đó và bảo vệ dữ liệu thông qua tường lửa mạng và sao lưu.","Quản lý các thành phần phần cứng, phần mềm và mạng chạy các dịch vụ AWS, chẳng hạn như máy chủ vật lý, hệ điều hành máy chủ, các lớp ảo hóa và các thành phần mạng AWS.","Quản lý dữ liệu của khách hàng, mã hóa dữ liệu đó và bảo vệ dữ liệu thông qua mã hóa phía máy khách.",,3,60,,
Điều nào sau đây được khuyến nghị nếu một công ty có một tài khoản AWS duy nhất và nhiều người làm việc với các dịch vụ AWS trong tài khoản đó?,Multiple Choice,Tất cả mọi người phải sử dụng người dùng gốc để làm việc với các dịch vụ AWS hàng ngày.,"Công ty nên tạo một nhóm AWS Identity and Access Management (IAM), cấp cho nhóm các quyền để thực hiện các chức năng công việc cụ thể và gán người dùng vào một nhóm hoặc sử dụng các vai trò IAM.",Công ty phải tạo người dùng AWS Identity and Access Management (IAM) và cấp cho người dùng các quyền để thực hiện các chức năng công việc cụ thể.,Công ty phải tạo một người dùng AWS Identity and Access Management (IAM) và cấp cho người dùng quyền truy cập vào tất cả các tài nguyên AWS.,,2,60,,
"Đúng hay Sai: Theo mô hình trách nhiệm chung của AWS, khách hàng chịu trách nhiệm về bảo mật trên đám mây.",Multiple Choice,Đúng,Sai,,,,1,60,,
Điều nào sau đây cung cấp thông tin xác thực tạm thời (hết hạn sau một khoảng thời gian xác định) cho các dịch vụ AWS?,Multiple Choice,Nguyên tắc đặc quyền tối thiểu (Principle of least privilege),Vai trò IAM (IAM role),Nhà cung cấp danh tính (Identity provider - IdP),AWS IAM Identity Center (tiền thân là AWS Single Sign-On),,2,60,,
Một người dùng đang lưu trữ một giải pháp trên Amazon Elastic Compute Cloud (Amazon EC2). Thành phần mạng nào là cần thiết để tạo một mạng riêng cho các tài nguyên AWS của họ?,Multiple Choice,Đám mây riêng ảo (Virtual private cloud - VPC),Instance,Thẻ (Tags),Amazon Machine Image (AMI),,1,60,,
Thông tin nào là cần thiết để tạo một đám mây riêng ảo (VPC)?,Multiple Choice,Vùng sẵn sàng (Availability Zone) mà VPC sẽ nằm trong đó.,Mạng con (subnet) mà VPC sẽ nằm trong đó.,Vùng AWS (AWS Region) mà VPC sẽ nằm trong đó.,Nhóm các mạng con mà VPC sẽ nằm trong đó.,,3,60,,
Một bảng định tuyến (route table) có thể được đính kèm vào đâu?,Multiple Choice,Tài khoản AWS,Vùng sẵn sàng (Availability Zone),Mạng con (Subnets),Vùng (Regions),,3,60,,
Một công ty muốn cho phép các tài nguyên trong một mạng con công cộng (public subnet) giao tiếp với internet. Công ty phải làm gì sau đây để đáp ứng yêu cầu này?,Multiple Choice,Tạo một tuyến đường đến một mạng con riêng tư,Đính kèm một cổng internet (internet gateway) vào VPC của họ,Tạo một tuyến đường trong bảng định tuyến đến cổng internet,A và B,B và C,5,60,,
Mô hình tính toán dưới dạng dịch vụ (CaaS) là gì?,Multiple Choice,Mô hình CaaS yêu cầu người dùng mua máy ảo và cấp phát máy chủ thủ công để chạy một khối lượng công việc.,"Mô hình CaaS cung cấp các tài nguyên tính toán (chẳng hạn như máy ảo chạy trên các máy chủ trong các trung tâm dữ liệu) theo yêu cầu, bằng cách sử dụng các dịch vụ ảo.","Mô hình CaaS cung cấp chiết khấu lớn cho các tài nguyên tính toán. Tuy nhiên, người dùng phải chạy khối lượng công việc từ máy chủ được lưu trữ tại chỗ.","Mô hình CaaS cung cấp các ứng dụng dựa trên đám mây cho người dùng trên toàn cầu, qua internet.",,2,60,,
Phát biểu nào về cài đặt mặc định của một nhóm bảo mật (security group) là ĐÚNG?,Multiple Choice,Cho phép tất cả lưu lượng truy cập vào và chặn tất cả lưu lượng truy cập ra theo mặc định.,Chặn tất cả lưu lượng truy cập vào và cho phép tất cả lưu lượng truy cập ra theo mặc định.,Cho phép tất cả lưu lượng truy cập vào và ra theo mặc định.,Chặn tất cả lưu lượng truy cập vào và ra theo mặc định.,,2,60,,
Loại instance của Amazon Elastic Compute Cloud (Amazon EC2) cho biết điều gì?,Multiple Choice,Họ instance và kích thước instance,Vị trí instance và kích thước instance,Hình thức thuê instance và thanh toán instance,Amazon Machine Image (AMI) của instance và tốc độ mạng,,1,60,,
Sự khác biệt giữa việc sử dụng AWS Fargate hoặc Amazon Elastic Compute Cloud (Amazon EC2) làm nền tảng tính toán cho Amazon Elastic Container Service (Amazon ECS) là gì?,Multiple Choice,"Với AWS Fargate, AWS quản lý và cấp phát cơ sở hạ tầng cơ bản để lưu trữ các container.","Với Amazon ECS trên Amazon EC2, AWS quản lý và cấp phát instance EC2 cơ bản cho các container.","Với AWS Fargate, người dùng cần quản lý dung lượng và khả năng mở rộng của cụm.","Với Amazon ECS trên Amazon EC2, người dùng chỉ cần tải lên mã nguồn. Amazon ECS sẽ lo phần còn lại.",,1,60,,
Phát biểu nào về serverless là ĐÚNG?,Multiple Choice,Người dùng phải cấp phát và quản lý máy chủ.,Người dùng phải mở rộng quy mô tài nguyên serverless theo cách thủ công.,Người dùng không trả tiền cho các tài nguyên không hoạt động.,Người dùng phải quản lý tính sẵn sàng và khả năng chịu lỗi.,,3,60,,
Đúng hay Sai: AWS Lambda luôn là giải pháp tốt nhất khi chạy các ứng dụng trên AWS.,Multiple Choice,Đúng,Sai,,,,2,60,,
Dịch vụ tính toán nào mà Amazon Elastic Compute Cloud (Amazon EC2) cung cấp?,Multiple Choice,Dịch vụ container,Serverless,Máy ảo (VMs),Phân tích (Analytics),,3,60,,
Instance đang ở giai đoạn nào của vòng đời khi tài khoản bắt đầu tích lũy phí?,Multiple Choice,Khi một instance đang ở giai đoạn chờ xử lý (pending),Khi một instance đang ở giai đoạn đang chạy (running),Khi một instance bị dừng (stopped),Khi một instance bị chấm dứt (terminated),,2,60,,
Thành phần nào của instance c5.4xlarge xác định họ instance và số thế hệ?,Multiple Choice,4x,Large,4xlarge,c5,,4,60,,
Runtime container nào có thể được sử dụng để lưu trữ một container trên một instance Amazon Elastic Compute Cloud (Amazon EC2)?,Multiple Choice,Docker,Container,Amazon Simple Storage Service (Amazon S3),Amazon EC2,,1,60,,
Ví dụ nào về một sự kiện gọi một hàm AWS Lambda?,Multiple Choice,Một lệnh gọi API AWS được thực hiện bởi một vai trò AWS Identity and Access Management (IAM),Tải lên một tệp vào bucket nguồn của Amazon Simple Storage Service (Amazon S3),Một yêu cầu HTTP đến một trang web được lưu trữ trên Amazon Elastic Compute Cloud (Amazon EC2),Một trang web WordPress đơn giản không có tích hợp API,,2,60,,
"Đúng hay Sai: Với serverless, người dùng không cần cấp phát và quản lý máy chủ.",Multiple Choice,Đúng,Sai,,,,1,60,,
Đúng hay Sai: Tất cả các dịch vụ AWS đều yêu cầu người dùng cấu hình một đám mây riêng ảo (VPC).,Multiple Choice,Đúng,Sai,,,,2,60,,
Một kỹ sư đang làm việc với các mạng trong AWS Cloud. Kỹ sư nên sử dụng gì để cấu hình kích thước mạng của họ?,Multiple Choice,Ký hiệu Định tuyến liên miền không lớp (CIDR),Ký hiệu IPv6,Ký hiệu IPv4,Địa chỉ IP,,1,60,,
Sự khác biệt giữa danh sách kiểm soát truy cập mạng (network ACLs) và các nhóm bảo mật (security groups) là gì?,Multiple Choice,"Theo mặc định, network ACL cho phép lưu lượng truy cập đến và chặn lưu lượng truy cập đi từ một mạng con. Người dùng có thể thay đổi các cài đặt này để cung cấp một lớp bảo mật bổ sung. Tuy nhiên, các cấu hình mặc định của các nhóm bảo mật chặn tất cả lưu lượng truy cập.","Theo mặc định, network ACL chặn tất cả lưu lượng truy cập từ một mạng con. Tuy nhiên, các cấu hình mặc định của các nhóm bảo mật cho phép tất cả lưu lượng truy cập vào và ra. Người dùng có thể thay đổi các cài đặt này để cung cấp một lớp bảo mật bổ sung.","Theo mặc định, network ACL chặn lưu lượng truy cập đến và cho phép lưu lượng truy cập đi. Các cấu hình mặc định của các nhóm bảo mật chặn tất cả lưu lượng truy cập. Người dùng có thể thay đổi các cài đặt này khi họ cấu hình mạng cho instance của mình.","Theo mặc định, network ACL cho phép lưu lượng truy cập đến và đi từ một mạng con. Người dùng có thể thay đổi các cài đặt này để cung cấp một lớp bảo mật bổ sung. Tuy nhiên, các cấu hình mặc định của các nhóm bảo mật chặn tất cả lưu lượng truy cập vào và cho phép tất cả lưu lượng truy cập ra.",,4,60,,
Trường hợp sử dụng điển hình cho Amazon Simple Storage Service (Amazon S3) là gì?,Multiple Choice,Lưu trữ đối tượng để lưu trữ media,Lưu trữ đối tượng cho một ổ đĩa khởi động,Lưu trữ khối cho một instance Amazon Elastic Compute Cloud (Amazon EC2),Lưu trữ tệp cho nhiều instance Amazon Elastic Compute Cloud (Amazon EC2),,1,60,,
Một công ty cần một lớp lưu trữ cho một cơ sở dữ liệu quan hệ có giao dịch cao trên một instance Amazon Elastic Compute Cloud (Amazon EC2). Công ty nên sử dụng dịch vụ nào?,Multiple Choice,Amazon EC2 Instance Store,Amazon Elastic Block Store (Amazon EBS),Amazon Simple Storage Service (Amazon S3),Amazon Elastic File System (Amazon EFS),,2,60,,
Đúng hay Sai: Các ổ đĩa Amazon Elastic Block Store (Amazon EBS) được coi là bộ nhớ tạm thời (ephemeral storage).,Multiple Choice,Đúng,Sai,,,,2,60,,
"Một kiến trúc sư giải pháp đang làm việc cho một cơ sở chăm sóc sức khỏe, và họ được giao nhiệm vụ lưu trữ thông tin bệnh nhân trong 7 năm mà hiếm khi được truy cập. Giám đốc CNTT của cơ sở yêu cầu kiến trúc sư giải pháp xem xét một trong các bậc lưu trữ của Amazon Simple Storage Service (Amazon S3) để lưu trữ thông tin bệnh nhân. Kiến trúc sư giải pháp nên đề xuất bậc lưu trữ nào?",Multiple Choice,Amazon S3 Standard,Amazon S3 Glacier Deep Archive,Amazon S3 Standard-Infrequent Access,Amazon S3 Intelligent-Tiering,,2,60,,
Đúng hay Sai: Lưu trữ đối tượng là giải pháp lưu trữ tốt nhất cho các ứng dụng cần cập nhật thường xuyên các phần nhỏ cụ thể của một tệp.,Multiple Choice,Đúng,Sai,,,,2,60,,
Đúng hay Sai: Việc triển khai Đa Vùng sẵn sàng (Multi-AZ) có lợi khi người dùng muốn tăng tính sẵn sàng của cơ sở dữ liệu của họ.,Multiple Choice,Đúng,Sai,,,,1,60,,
Nhiệm vụ nào trong việc chạy và vận hành cơ sở dữ liệu mà người dùng chịu trách nhiệm khi họ sử dụng Amazon Relational Database Service (Amazon RDS)?,Multiple Choice,Tối ưu hóa cơ sở dữ liệu,Cấp phát và quản lý cơ sở hạ tầng cơ bản,Cài đặt hệ quản trị cơ sở dữ liệu quan hệ trên instance cơ sở dữ liệu,Cài đặt các bản vá cho hệ điều hành cho instance cơ sở dữ liệu,,1,60,,
Những trường hợp nào sau đây là trường hợp sử dụng phổ biến cho lưu trữ tệp? (Chọn HAI.),Checkbox,Thư mục chính của người dùng,Các tệp sao lưu được lưu trữ trong Amazon Simple Storage Service (Amazon S3),Cơ sở dữ liệu quan hệ hoặc phi quan hệ,Các kho nội dung lớn,Phân tích dữ liệu lớn,"1,4",60,,
Đúng hay Sai: Bộ phận CNTT trong một công ty có thể đính kèm các ổ đĩa Amazon Elastic Block Store (Amazon EBS) vào Amazon Simple Storage Service (Amazon S3) để lưu trữ dữ liệu trong một bucket.,Multiple Choice,Đúng,Sai,,,,2,60,,
Họ instance nào sau đây mà Amazon Relational Database Service (Amazon RDS) hỗ trợ? (Chọn HAI.),Checkbox,Tối ưu hóa lưu trữ (Storage optimized),Mục đích chung (General purpose),Tối ưu hóa tính toán (Compute optimized),Tối ưu hóa bộ nhớ (Memory optimized),Tính toán tăng tốc (Accelerated computing),"2,4",60,,
Một kiến trúc sư giải pháp đang làm việc cho một doanh nghiệp nhỏ. Doanh nghiệp đang tìm kiếm một dịch vụ lưu trữ tạm thời lưu trữ dữ liệu thay đổi thường xuyên và không bền vững. Loại dữ liệu này có thể bị xóa trong quá trình dừng hoặc chấm dứt instance. Kiến trúc sư giải pháp nên đề xuất dịch vụ nào cho trường hợp sử dụng này?,Multiple Choice,Amazon Elastic Block Store (Amazon EBS),Amazon Simple Storage Service (Amazon S3),Amazon Elastic Compute Cloud (Amazon EC2) Instance Store,Amazon Elastic File System (Amazon EFS),,3,60,,
"Cơ sở dữ liệu nào là cơ sở dữ liệu phi quan hệ lưu trữ dữ liệu theo cặp khóa-giá trị, và phù hợp để lưu trữ các bảng tra cứu đơn giản?",Multiple Choice,Amazon DynamoDB,Amazon DocumentDB,Amazon Neptune,Amazon Relational Database Service (Amazon RDS),,1,60,,
Thành phần cốt lõi nào của Amazon DynamoDB tương ứng với một cột trong một bảng cơ sở dữ liệu quan hệ?,Multiple Choice,Bảng (Table),Mục (Item),Thuộc tính (Attribute),Cơ sở dữ liệu (Database),,3,60,,
Dịch vụ cơ sở dữ liệu AWS nào phù hợp nhất cho các trường hợp sử dụng như mạng xã hội hoặc công cụ đề xuất?,Multiple Choice,Amazon DynamoDB,Amazon Aurora,Amazon Redshift,Amazon Neptune,,4,60,,
Ba thành phần của Amazon EC2 Auto Scaling là gì?,Multiple Choice,"Chính sách co giãn, nhóm bảo mật, nhóm EC2 Auto Scaling","Mẫu khởi chạy (Launch template), chính sách co giãn, nhóm EC2 Auto Scaling","Nhóm bảo mật, loại instance, cặp khóa (key pair)","ID Amazon Machine Image (AMI), loại instance, bộ nhớ",,2,60,,
Những tính năng nào sau đây được bao gồm trong Elastic Load Balancing (ELB)?,Multiple Choice,Tự động co giãn (Automatic scaling),Tích hợp với Amazon Relational Database Service RDS,Tích hợp với Amazon EC2 Auto Scaling,A và B,A và C,5,60,,
"Đúng hay Sai: Khi người dùng sử dụng Elastic Load Balancing (ELB) với một nhóm Auto Scaling, không cần phải đăng ký thủ công các instance Amazon Elastic Compute Cloud (Amazon EC2) riêng lẻ với bộ cân bằng tải.",Multiple Choice,Đúng,Sai,,,,1,60,,
Một ứng dụng phải chọn các nhóm mục tiêu (target groups) bằng cách sử dụng một quy tắc dựa trên đường dẫn của một URL. Loại Elastic Load Balancing (ELB) nào nên được sử dụng cho trường hợp sử dụng này?,Multiple Choice,Classic Load Balancer,Application Load Balancer,Network Load Balancer,Target Load Balancer,,2,60,,
Hai cách để một ứng dụng có thể được co giãn là gì?,Multiple Choice,Theo chiều dọc và chiều ngang,Theo đường chéo và chiều dọc,Theo chiều ngang và đường chéo,Độc lập và theo chiều dọc,,1,60,,
Các yếu tố nào trong bảng điều khiển Amazon CloudWatch có thể được sử dụng để xem và phân tích các chỉ số?,Multiple Choice,Tiện ích (Widgets),Chỉ số (Metrics),Biểu tượng (Icons),Thành phần (Components),,1,60,,
Các trạng thái có thể có của một cảnh báo chỉ số (metric alarm) trong Amazon CloudWatch là gì?,Multiple Choice,"OK, ALARM, NOT_AVAILABLE","OK, ALERT, INSUFFICIENT_DATA","OK, ALARM, INSUFFICIENT_DATA","OK, ALERT, NOT_AVAILABLE",,3,60,,
Một công ty có thể thu thập loại dữ liệu nào với VPC Flow Logs?,Multiple Choice,Dữ liệu về lưu lượng mạng đi vào và ra khỏi một đám mây riêng ảo (VPC),Hoạt động độc hại và hành vi trái phép,Cấu hình của các tài nguyên AWS,Thông tin liên quan đến tuân thủ,,1,60,,
Lợi ích của việc giám sát trên AWS là gì?,Multiple Choice,Giám sát tạo ra chi phí vận hành.,Giám sát nhận ra các mối đe dọa và sự kiện bảo mật.,Giám sát làm giảm hiệu suất và độ tin cậy của tài nguyên.,Giám sát tăng tốc độ và sự linh hoạt,,2,60,,
"Đúng hay Sai: Khi một công ty thiết kế lại một ứng dụng bằng cách sử dụng một dịch vụ serverless trên AWS, họ có thể không cần phải cấu hình các thành phần mạng, chẳng hạn như đám mây riêng ảo (VPC), mạng con và các nhóm bảo mật.",Multiple Choice,Đúng,Sai,,,,1,60,,
"Phát biểu nào mô tả ĐÚNG NHẤT mối quan hệ giữa các Vùng (Regions), Vùng sẵn sàng (Availability Zones) và các trung tâm dữ liệu?",Multiple Choice,Vùng sẵn sàng là các cụm Vùng. Vùng là các cụm trung tâm dữ liệu.,Trung tâm dữ liệu là cụm của các Vùng sẵn sàng. Vùng là các cụm của các Vùng sẵn sàng.,Vùng là các cụm của các Vùng sẵn sàng. Vùng sẵn sàng là các cụm của các trung tâm dữ liệu.,Trung tâm dữ liệu là các cụm Vùng. Vùng là các cụm của các Vùng sẵn sàng.,,3,60,,
"Một kiến trúc sư giải pháp đang tư vấn cho một công ty. Khi người dùng trong công ty xác thực vào mạng công ty, họ muốn có thể sử dụng AWS mà không cần phải đăng nhập lại. Kiến trúc sư giải pháp nên đề xuất danh tính AWS nào cho trường hợp sử dụng này?",Multiple Choice,Người dùng gốc của tài khoản AWS,Người dùng AWS Identity and Access Management (IAM),Vai trò IAM (IAM Role),Nhóm IAM (IAM Group),,3,60,,
Loại instance của Amazon Elastic Compute Cloud (Amazon EC2) cho biết điều gì?,Multiple Choice,Họ instance và kích thước instance,Vị trí instance và kích thước instance,Hình thức thuê instance và thanh toán instance,Amazon Machine Image (AMI) của instance và tốc độ mạng,,1,60,,
Trường hợp sử dụng điển hình cho Amazon Simple Storage Service (Amazon S3) là gì?,Multiple Choice,Lưu trữ đối tượng để lưu trữ media,Lưu trữ đối tượng cho một ổ đĩa khởi động,Lưu trữ khối cho một instance EC2,Lưu trữ tệp cho nhiều instance EC2,,1,60,,
"Một kiến trúc sư giải pháp đang làm việc cho một cơ sở chăm sóc sức khỏe, và họ được giao nhiệm vụ lưu trữ thông tin bệnh nhân trong 7 năm mà hiếm khi được truy cập. Giám đốc CNTT của cơ sở yêu cầu kiến trúc sư giải pháp xem xét một trong các bậc lưu trữ của Amazon Simple Storage Service (Amazon S3) để lưu trữ thông tin bệnh nhân. Kiến trúc sư giải pháp nên đề xuất bậc lưu trữ nào?",Multiple Choice,Amazon S3 Standard,Amazon S3 Glacier Deep Archive,Amazon S3 Standard-Infrequent Access,Amazon S3 Intelligent-Tiering,,2,60,,
Nhiệm vụ nào trong việc chạy và vận hành cơ sở dữ liệu mà người dùng chịu trách nhiệm khi họ sử dụng Amazon Relational Database Service (Amazon RDS)?,Multiple Choice,Tối ưu hóa cơ sở dữ liệu,Cấp phát và quản lý cơ sở hạ tầng cơ bản,Cài đặt hệ quản trị cơ sở dữ liệu quan hệ trên instance cơ sở dữ liệu,Cài đặt các bản vá cho hệ điều hành cho instance cơ sở dữ liệu,,1,60,,
Đúng hay Sai: Việc triển khai Đa Vùng sẵn sàng (Multi-AZ) có lợi khi người dùng muốn tăng tính sẵn sàng của cơ sở dữ liệu của họ.,Multiple Choice,Đúng,Sai,,,,1,60,,
"Một kiến trúc sư giải pháp phải thiết kế một giải pháp để giúp quản lý các ứng dụng được container hóa của khách hàng. Hiện tại, khối lượng công việc của khách hàng chạy trong các container Docker trên các instance Amazon Elastic Compute Cloud (Amazon EC2) và các máy chủ tại chỗ chạy một cụm Kubernetes lai. Khách hàng muốn di chuyển một phần của việc triển khai Kubernetes lai của họ lên đám mây với nỗ lực tối thiểu, và họ muốn giữ lại tất cả các tính năng gốc của Kubernetes. Khách hàng cũng muốn giảm chi phí vận hành để quản lý cụm Kubernetes của họ. Kiến trúc sư giải pháp nên đề xuất dịch vụ AWS được quản lý nào để đáp ứng tốt nhất các yêu cầu này?",Multiple Choice,AWS Fargate với Amazon Elastic Container Service (Amazon ECS),AWS Fargate với Amazon Elastic Kubernetes Service (Amazon EKS),Amazon Elastic Container Service (Amazon ECS),Amazon Elastic Kubernetes Service (Amazon EKS),,4,60,,
Một ứng dụng cần xử lý các sự kiện được nhận thông qua một API. Nhiều người tiêu dùng phải có thể xử lý dữ liệu đồng thời. Dịch vụ AWS được quản lý nào sẽ đáp ứng tốt nhất yêu cầu này một cách hiệu quả nhất về chi phí?,Multiple Choice,Amazon Simple Notification Service (Amazon SNS) với chiến lược fan-out,Amazon Simple Queue Service (Amazon SQS) với hàng đợi FIFO,Amazon EventBridge với các quy tắc,Amazon Elastic Compute Cloud (Amazon EC2) với các Spot Instances,,1,60,,
"Đúng hay Sai: Amazon Relational Database Service (Amazon RDS) phù hợp hơn cho các cơ sở dữ liệu xử lý dữ liệu có cấu trúc hoặc quan hệ, nơi người dùng có thể tin tưởng vào các tính năng như tự động tăng và nối bảng. Amazon DynamoDB phù hợp hơn cho các khối lượng công việc cơ sở dữ liệu NoSQL, nơi các bảng là tập hợp các mục có các thuộc tính riêng của chúng.",Multiple Choice,Đúng,Sai,,,,1,60,,
"Amazon DynamoDB được thiết kế cho quy mô và hiệu suất. Trong hầu hết các trường hợp, thời gian phản hồi của DynamoDB có thể được đo bằng mili giây một chữ số. Tuy nhiên, có một số trường hợp sử dụng nhất định yêu cầu thời gian phản hồi tính bằng micro giây. Đối với các trường hợp sử dụng này, DynamoDB Accelerator (DAX) cung cấp thời gian phản hồi nhanh để truy cập dữ liệu nhất quán cuối cùng. Phát biểu nào về DAX là đúng? (Chọn BA.)",Checkbox,DAX giảm độ phức tạp vận hành và ứng dụng bằng cách cung cấp một dịch vụ được quản lý tương thích với API DynamoDB.,"Mặc dù sử dụng DAX có chi phí, nó có thể giảm mức tiêu thụ dung lượng bảng DynamoDB. Nếu dữ liệu được đọc nhiều (tức là hàng triệu yêu cầu mỗi giây), DAX có thể giúp tiết kiệm chi phí bằng cách lưu vào bộ đệm dữ liệu đồng thời cung cấp độ trễ đọc tốt hơn, có lợi cho các tình huống cần đọc lặp lại cho các khóa riêng lẻ.",DAX không hỗ trợ mã hóa phía máy chủ (SSE).,DAX không được thiết kế cho các ứng dụng ghi nhiều. Nó cũng có thể làm tăng chi phí cho các ứng dụng không thực hiện nhiều hoạt động đọc.,"DAX không hỗ trợ mã hóa dữ liệu đang truyền, điều đó có nghĩa là giao tiếp giữa một ứng dụng và DAX không thể được mã hóa.","1,2,4",60,,
"Đúng hay Sai: AWS Lambda là một dịch vụ tính toán chạy mã mà không cần cấp phát hoặc quản lý máy chủ. Lambda chạy mã trên một cơ sở hạ tầng tính toán có tính sẵn sàng cao. Nó cũng thực hiện tất cả việc quản trị các tài nguyên tính toán, bao gồm bảo trì máy chủ và hệ điều hành, cấp phát dung lượng và tự động co giãn, và ghi nhật ký. Lambda có thể chạy mã cho hầu như bất kỳ loại ứng dụng hoặc dịch vụ backend nào.",Multiple Choice,Đúng,Sai,,,,1,60,,
Một kiến trúc sư giải pháp đang thiết kế một kiến trúc có thể cung cấp các trang HTML cho khách hàng. Họ muốn một giải pháp serverless có thể lưu trữ nội dung qua internet và phục vụ một trang web tĩnh với nỗ lực tối thiểu. Kiến trúc sư giải pháp nên chọn dịch vụ AWS nào để đáp ứng các yêu cầu này?,Multiple Choice,Amazon Simple Storage Service (Amazon S3),Amazon Elastic Compute Cloud (Amazon EC2),Amazon DynamoDB,Amazon Kinesis,,1,60,,
Một kiến trúc sư giải pháp đang thiết kế một giải pháp cần nhập dữ liệu theo thời gian thực. Họ đang xem xét Amazon Kinesis Data Firehose hoặc Amazon Kinesis Data Streams cho giải pháp này. Kiến trúc sư giải pháp nên chọn dịch vụ nào để đáp ứng yêu cầu nhập dữ liệu theo thời gian thực và tại sao? (Hãy nhớ rằng độ trễ dữ liệu thấp hơn có nghĩa là thời gian trọn vòng từ khi dữ liệu được nhập và có sẵn thấp hơn.),Multiple Choice,"Amazon Kinesis Data Firehose, vì nó có độ trễ thấp hơn so với Amazon Kinesis Data Streams","Amazon Kinesis Data Firehose, vì nó có độ trễ cao hơn so với Amazon Kinesis Data Streams","Amazon Kinesis Data Streams, vì nó có độ trễ thấp hơn so với Amazon Kinesis Data Firehose","Amazon Kinesis Data Streams, vì nó có độ trễ cao hơn so với Amazon Kinesis Data Firehose",,3,60,,
"Đúng hay Sai: Khi tạo các hồ dữ liệu (data lakes) để phân tích trên AWS, Amazon Simple Storage Service (Amazon S3) sẽ là một dịch vụ được ưu tiên. Người dùng có thể sử dụng dữ liệu trong một bucket S3 với một lớp xử lý hoặc trực quan hóa dữ liệu độc lập, chẳng hạn như Amazon QuickSight, Amazon Athena hoặc Amazon EMR.",Multiple Choice,Đúng,Sai,,,,1,60,,
"Một kiến trúc sư giải pháp đang thiết kế một giải pháp serverless có thể thực hiện các truy vấn Ngôn ngữ truy vấn có cấu trúc (SQL) trên nhiều đối tượng được lưu trữ trong Amazon Simple Storage Service (Amazon S3). Tất cả các đối tượng đều có cùng cấu trúc dữ liệu (lược đồ) và ở định dạng JSON. Dịch vụ nào sẽ giúp truy vấn dữ liệu dễ dàng hơn, ngoài việc cung cấp các khả năng serverless?",Multiple Choice,Amazon Athena,AWS Database Migration Service (AWS DMS),Amazon S3 Select,AWS Data Exchange,,1,60,,
"Đúng hay Sai: Khi kiến trúc một giải pháp có thể xử lý nhu cầu cao và các đợt tăng đột biến về mức sử dụng, Amazon CloudFront nên được sử dụng ở phía trước một bucket Amazon Simple Storage Service (Amazon S3). CloudFront có thể lưu vào bộ đệm dữ liệu được phân phối cho khách hàng, và nó cho phép khách hàng sử dụng các tên miền tùy chỉnh. Ngoài ra, CloudFront có thể phục vụ các chứng chỉ SSL tùy chỉnh được cấp bởi Amazon Certificate Manager (không tính thêm phí) và nó có thể cung cấp bảo vệ chống tấn công từ chối dịch vụ phân tán (DDoS) được cung cấp bởi AWS WAF và AWS Shield.",Multiple Choice,Đúng,Sai,,,,1,60,,
Lựa chọn nào sau đây bao gồm các phát biểu đúng cho cả sao chép liên vùng của Amazon Simple Storage Service (Amazon S3) và AWS Key Management Service (AWS KMS)?,Multiple Choice,"Để cấu hình sao chép liên vùng của Amazon S3, cả bucket nguồn và đích phải thuộc cùng một tài khoản AWS. Mã hóa phía máy chủ (SSE) có thể thực hiện được đối với các đối tượng được sao chép.","Để cấu hình sao chép liên vùng của Amazon S3, cả bucket nguồn và đích phải thuộc cùng một tài khoản AWS. Mã hóa phía máy chủ (SSE) không thể thực hiện được đối với các đối tượng được sao chép.","Để cấu hình sao chép liên vùng của Amazon S3, bucket nguồn và đích có thể thuộc các tài khoản AWS khác nhau. Mã hóa phía máy chủ (SSE) có thể thực hiện được đối với các đối tượng được sao chép.","Để cấu hình sao chép liên vùng của Amazon S3, bucket nguồn và đích có thể thuộc các tài khoản AWS khác nhau. Mã hóa phía máy chủ không thể thực hiện được đối với các đối tượng được sao chép.",,3,60,,
"Một kiến trúc sư giải pháp đang thiết kế một giải pháp lai. Giải pháp sử dụng các tài nguyên Amazon Virtual Private Cloud (Amazon VPC), chẳng hạn như Amazon Relational Database Service (Amazon RDS) và Amazon Elastic Compute Cloud (Amazon EC2). Nó cũng sử dụng các dịch vụ không nằm trong VPC, chẳng hạn như Amazon Simple Storage Service (Amazon S3) và AWS Systems Manager. Phát biểu nào về Amazon VPC và phạm vi của các dịch vụ AWS là đúng? (Chọn BA.)",Checkbox,"Amazon VPC cho phép người dùng toàn quyền kiểm soát môi trường mạng ảo của họ. Do đó, kiến trúc sư giải pháp có thể xác định các quy tắc tường lửa ở cấp độ mạng cho các tài nguyên dựa trên VPC.","Vì các bucket S3 không nằm trong VPC, khách hàng có thể dựa vào AWS để cấu hình các cơ chế bảo mật, chẳng hạn như quyền và chính sách bucket. Do đó, bảo mật được tự động áp dụng ở cấp độ dữ liệu vì cấp độ bảo mật này là trách nhiệm của AWS.","Các dịch vụ dựa trên VPC nằm trong một mạng con riêng tư yêu cầu các cấu hình cụ thể để cho phép truy cập internet, chẳng hạn như một cổng NAT và các bảng định tuyến.","Khi có thể, khách hàng nên tránh để các dịch vụ nằm trong VPC vì một cấu hình mạng sai có thể vô tình để lại cơ sở hạ tầng trong tình trạng không an toàn.","Các giải pháp AWS VPN có thể được cấu hình để thiết lập các kết nối an toàn giữa các mạng tại chỗ, văn phòng từ xa, thiết bị khách và mạng toàn cầu của AWS.","1,3,5",60,,
Phát biểu nào về AWS Storage Gateway là đúng? (Chọn BA.),Checkbox,AWS Storage Gateway là một bộ các dịch vụ lưu trữ đám mây lai cung cấp quyền truy cập tại chỗ vào bộ nhớ đám mây gần như không giới hạn.,"AWS Storage Gateway cung cấp bộ nhớ đám mây gần như không giới hạn cho người dùng và ứng dụng, với chi phí của phần cứng lưu trữ mới.","AWS Storage Gateway cung cấp quyền truy cập dữ liệu cho các ứng dụng tại chỗ trong khi tận dụng các khả năng linh hoạt, kinh tế và bảo mật của AWS Cloud.","AWS Storage Gateway chỉ giới hạn ở các ứng dụng tại chỗ, điều đó có nghĩa là nó không thể được sử dụng từ đám mây này sang đám mây khác.","AWS Storage Gateway giúp hỗ trợ các yêu cầu tuân thủ thông qua việc tích hợp với AWS Backup để quản lý việc sao lưu và phục hồi các ổ đĩa Volume Gateway, giúp đơn giản hóa việc quản lý sao lưu.","1,3,5",60,,
"Bộ dịch vụ AWS nào phù hợp NHẤT với danh mục “Lưu trữ đối tượng, tệp và khối” (có nghĩa là các dịch vụ dành riêng cho việc lưu trữ dữ liệu một cách bền vững)?",Multiple Choice,"AWS DataSync, AWS Snow Family","Amazon Simple Storage Service (Amazon S3), Amazon Elastic File System (Amazon EFS), Amazon Elastic Block Store (Amazon EBS), Amazon FSx","AWS Storage Gateway, AWS Snow Family","AWS Elastic Disaster Recovery, AWS Backup",,2,60,,
Đúng hay Sai: Amazon Simple Storage Service (Amazon S3) tốt hơn Amazon Elastic Block Store (Amazon EBS) vì nó được thiết kế để cung cấp mức độ bền vững dữ liệu cao hơn.,Multiple Choice,Đúng,Sai,,,,2,60,,
Một số lợi ích của việc sử dụng nhiều tài khoản AWS với AWS Organizations là gì? (Chọn BA.),Checkbox,Phân nhóm khối lượng công việc dựa trên mục đích kinh doanh và quyền sở hữu,Sử dụng các phương thức thanh toán khác nhau cho mỗi tài khoản,Hạn chế phạm vi tác động từ các sự kiện bất lợi,Phân phối hạn ngạch dịch vụ AWS và giới hạn tốc độ yêu cầu API,Có nhiều người dùng gốc của tài khoản với quyền truy cập không hạn chế trên mỗi tài khoản,"1,3,4",60,,
Đúng hay Sai: Một câu lệnh chính sách kiểm soát dịch vụ (SCP) với một lệnh từ chối rõ ràng (explicit deny) ngăn cản ngay cả người dùng gốc của tài khoản thực hiện các lệnh gọi API.,Multiple Choice,Đúng,Sai,,,,1,60,,
"Một kiến trúc sư giải pháp đang thiết kế một giải pháp cung cấp đăng nhập một lần (SSO) để xác thực vào các tài khoản AWS nằm trong AWS Organizations. Kiến trúc sư giải pháp có thể sử dụng dịch vụ AWS nào để triển khai liên kết danh tính với các nhà cung cấp danh tính hiện có, chẳng hạn như Microsoft Active Directory?",Multiple Choice,Người dùng AWS Identity and Access Management (IAM),Amazon CloudWatch,AWS IAM Identity Center (tiền thân là AWS Single Sign-On),AWS CloudTrail,,3,60,,
Phát biểu nào là phương pháp hay nhất cho môi trường đa tài khoản? (Chọn BA.),Checkbox,Bật cảnh báo thanh toán Amazon CloudWatch cho mỗi tài khoản và cấu hình các chính sách gắn thẻ trong AWS Organizations.,Cấp chính sách AdministratorAccess cho các nhà phát triển trong các tài khoản AWS phát triển của họ.,Ngăn chặn việc vô hiệu hóa cấu hình CloudTrail trong tài khoản dịch vụ dùng chung.,"Sử dụng xác thực đa yếu tố (MFA) cho người dùng trong việc xác thực tập trung, chẳng hạn như sử dụng AWS IAM Identity Center (tiền thân là AWS Single Sign-On).",Sử dụng lại mật khẩu để đơn giản và dễ truy cập.,"1,3,4",60,,
"Một kiến trúc sư giải pháp phải tạo ra các tiêu chuẩn quản trị được xác định rõ ràng cho một công ty có nhiều tài khoản AWS. Công ty cần ghi nhật ký hạ tầng tập trung cho tất cả các tài khoản AWS. Ngoài ra, giám đốc an ninh thông tin (CISO) của công ty muốn có một biện pháp áp dụng bộ ngắt mạch (circuit breaker) để dừng các hoạt động API của Amazon Elastic Compute Cloud (Amazon EC2) nếu các cảnh báo thanh toán cho thấy hoạt động đáng ngờ. Công ty dự định sử dụng AWS Organizations. Kịch bản kiến trúc nào mà kiến trúc sư giải pháp nên đề xuất để đáp ứng nhu cầu của công ty một cách hiệu quả NHẤT?",Multiple Choice,"Bật AWS CloudTrail cho tất cả các tài khoản trong AWS Organizations. Sử dụng Organizations để tập trung tất cả các nhật ký vào một bucket Amazon Simple Storage Service (Amazon S3). Với vai trò là bộ ngắt mạch, sử dụng các chính sách kiểm soát dịch vụ (SCP) có một lệnh từ chối rõ ràng đối với hoạt động API của Amazon EC2. Các SCP này sau đó có thể được áp dụng cho đơn vị tổ chức (OU) gốc khi cần thiết.",Bật AWS CloudTrail cho tất cả các tài khoản trong AWS Organizations. Sử dụng Organizations để tập trung tất cả các nhật ký vào một bucket Amazon Simple Storage Service (Amazon S3). Sử dụng các thiết bị xác thực đa yếu tố (MFA) cho mọi người dùng trong AWS IAM Identity Center (tiền thân là AWS Single Sign-On).,"Bật AWS CloudTrail chỉ cho các tài khoản sản xuất trong AWS Organizations. Sử dụng Organizations để tập trung nhật ký vào một bucket Amazon Simple Storage Service (Amazon S3). Để đăng nhập một lần, sử dụng AWS IAM Identity Center (tiền thân là AWS Single Sign-ON).","Bật AWS CloudTrail cho tất cả các tài khoản trong AWS Organizations. Sử dụng Organizations để tập trung nhật ký vào một bucket Amazon Simple Storage Service (Amazon S3). Với vai trò là bộ ngắt mạch, sử dụng các chính sách AWS Identity and Access Management (IAM) trên mỗi tài khoản có một lệnh từ chối rõ ràng đối với hoạt động API của Amazon EC2. Các chính sách IAM sau đó có thể được áp dụng cho đơn vị tổ chức (OU) gốc khi cần thiết.",,1,60,,
